# source: TM-100991 pdf p.61, Figure A6
# quantity: f6 -- combustor efficiency, eta = f6(FAR)
# method: digitized -- generative model fit of the 2 printed 'x' glyphs
# x: FAR fuel-to-air ratio, nondimensional (the figure prints FUEL-TO-RATIO, FAR --
#    the word AIR is missing, a typo in the report; open question #7)
# y: ETA combustor efficiency, nondimensional
# sigma_x: 1 sigma uncertainty on x, in x's own units, per point (see UNCERTAINTY)
# sigma_y: 1 sigma uncertainty on y, in y's own units, per point (see UNCERTAINTY)
# points: 2
# digitized: 2026-09-11 by tools/digitize_a6810.py -- reruns and reproduces this file
#            exactly; a re-digitisation of the 2026-09-10 extraction (see MOVEMENT)
#
# RASTER. `pdfimages -list -f 61` shows pdf p.61 is a single 300 dpi
# 1-bit CCITT image (2544x3300), so every render above 300 dpi is an upsample of that
# bitmap and can add no detail. This extraction works on the bitmap itself, pulled out
# with `pdfimages`, and takes its sub-pixel information from a model fitted to the binary
# ink rather than from interpolated grey. The page is NOT resampled at any point: the
# scan's rotation and keystone are a coordinate transform applied to the measured points,
# not a warp applied to the pixels, so no interpolation ever touches the data.
#
# GEOMETRY. The four frame lines are fitted sub-pixel by tracing the single ink run per
# row/column and least-squares fitting with outlier rejection:
#   left   x = 601.492 +0.003656 y   (+0.209 deg, 1835 samples, rms 0.89 px)
#   right  x = 2266.670 +0.002714 y   (+0.155 deg, 2045 samples, rms 0.90 px)
#   top    y = 302.745 -0.001909 x   (-0.109 deg, 1573 samples, rms 0.50 px)
#   bottom y = 2635.384 +0.002621 x   (+0.150 deg, 1256 samples, rms 0.41 px)
# The four edge slopes are not a common rotation, so the frame is a genuine
# quadrilateral; corners TL(602.595,301.594) TR(2267.480,298.415)
# BR(2273.838,2641.344) BL(611.134,2636.986) are mapped onto the unit
# square (u right, v up) by a homography, and every measured point is carried through
# it. NOT `digitize.py axes`, and NOT a pixel warp -- nothing is resampled.
#
# CALIBRATION. Every printed MAJOR tick on all four edges, located by the ink-weighted
# centroid of its inward protrusion, and matched to its printed value by predicted
# lattice slot rather than by protrusion length -- a marker sitting ON a frame line
# out-protrudes a major tick, and a flat data line protrudes the whole scan length.
#   x majors every 0.001 (9 interior, read off the top and bottom edges);
#   y majors every 0.02 (10 interior, off the left and right edges).
#   x axis: LINEAR in u, where u = 0 at the left frame and 1 at the right frame.
#      x = +0.010004176 u +0.0099983467
#      Fitted on 18 interior major ticks (both ticked edges) plus the frame
#      value(s) left = 0.01, right = 0.02;
#      residual rms 8.231e-06, i.e. 0.82 per-mille of the axis range.
#      HELD-OUT FRAME TEST -- fit the interior majors ALONE, then predict the printed
#      value at the frame, which the fit was never given (leave-one-tick-out rms is
#      shown beside it, as an independent check that the order is not fitting noise):
#        order 1 (linear   ): lo frame printed 0.01 -> 0.0099967 (-3.3e-06)
#                             hi frame printed 0.02 -> 0.0200044 (+4.36e-06)
#                             leave-one-tick-out 1.035 per-mille of range
#        order 2 (quadratic): lo frame printed 0.01 -> 0.00999608 (-3.92e-06)
#                             hi frame printed 0.02 -> 0.0200037 (+3.74e-06)
#                             leave-one-tick-out 1.141 per-mille of range
#        order 3 (cubic    ): lo frame printed 0.01 -> 0.0100141 (+1.41e-05)
#                             hi frame printed 0.02 -> 0.0199857 (-1.43e-05)
#                             leave-one-tick-out 1.163 per-mille of range
#        order 4 (quartic  ): lo frame printed 0.01 -> 0.0100109 (+1.09e-05)
#                             hi frame printed 0.02 -> 0.0199824 (-1.76e-05)
#                             leave-one-tick-out 1.264 per-mille of range
#      -> order 1 wins the held-out test among the orders that also interpolate the
#         ticks as well as the best one does; ties within 1.25x go to the lower order.
#   y axis: QUARTIC in v, where v = 0 at the bottom frame and 1 at the top frame.
#      y = +0.023710248 v^4 -0.049937065 v^3 +0.030930864 v^2 +0.21527868 v +0.88001162
#      Fitted on 20 interior major ticks (both ticked edges) plus the frame
#      value(s) bottom = 0.88, top = 1.1;
#      residual rms 5.038e-05, i.e. 0.23 per-mille of the axis range.
#      HELD-OUT FRAME TEST -- fit the interior majors ALONE, then predict the printed
#      value at the frame, which the fit was never given (leave-one-tick-out rms is
#      shown beside it, as an independent check that the order is not fitting noise):
#        order 1 (linear   ): lo frame printed 0.88 -> 0.8801 (+9.98e-05)
#                             hi frame printed 1.1 -> 1.10039 (+0.000394)
#                             leave-one-tick-out 1.429 per-mille of range
#        order 2 (quadratic): lo frame printed 0.88 -> 0.879303 (-0.000697)
#                             hi frame printed 1.1 -> 1.0996 (-0.000399)
#                             leave-one-tick-out 0.540 per-mille of range
#        order 3 (cubic    ): lo frame printed 0.88 -> 0.879506 (-0.000494)
#                             hi frame printed 1.1 -> 1.0994 (-0.0006)
#                             leave-one-tick-out 0.515 per-mille of range
#        order 4 (quartic  ): lo frame printed 0.88 -> 0.88011 (+0.00011)
#                             hi frame printed 1.1 -> 1.1 (-3.55e-06)
#                             leave-one-tick-out 0.315 per-mille of range
#      -> order 4 wins the held-out test among the orders that also interpolate the
#         ticks as well as the best one does; ties within 1.25x go to the lower order.
#   Independent bow-free cross-check: linear interpolation between the two majors that
#   bracket each point, done on each ticked edge and averaged, agrees with the chosen
#   model to 9.98e-06 in x and 0.0101 in y, worst point.
#
# MARKERS. 2 'x' glyphs. Seeds come from a 7x7 morphological OPENING of the
# ink -- the joining line is ~4 px wide and vanishes, the crossing of two strokes does
# not -- which is independent of density and needs no threshold sweep. Each centre is
# then fitted with a generative model of the local ink: (stroke1 U stroke2 U incoming
# half-segment U outgoing half-segment), all four radiating from one point, rendered by
# 5x5 supersampling and scored as sum (coverage - ink)^2 over an unmasked disc of radius
# 20 px. The glyph template is global -- the plotter drew the same mark 2 times -- and
# came out as strokes at -45.19 deg (half-length 14.87 px) and +45.19 deg (14.83 px),
# stroke width 4.02 px, joining-line width 3.52 px. Frame lines and tick
# marks are MASKED, never modelled, and the mask is SYMMETRIC about each frame line: the
# ticks all protrude inward, so masking only the inward side would strip ink from one
# half of a marker that sits on a frame and bias its abscissa. Fitted centres, image px:
#   m1 ( 605.703,1529.131)  m2 (2270.883,1530.690)
#
# UNCERTAINTY, per point, 1 sigma, in data units -- the sigma_x and sigma_y columns.
# Quadrature of four named contributions, each measured, none assumed:
#   x: tick-fit residual 8.23e-06 | calibration order spread (deg 1-4) 3.97e-06 mean, 4.47e-06 max |
#      the two ticked edges calibrated separately, half their disagreement 5.4e-06 mean, 7.15e-06 max |
#      glyph centre 6.91e-07 mean, 1.08e-06 max.  Total 1 sigma 1.07e-05 mean, 1.18e-05 max.
#      (The order term is deliberately conservative: it includes the LINEAR map, which the
#      held-out frame test rejects. Over orders 2-4 alone the spread is only 4e-06.)
#   y: tick-fit residual 5.04e-05 | calibration order spread (deg 1-4) 0.000401 mean, 0.000401 max |
#      the two ticked edges calibrated separately, half their disagreement 3.91e-05 mean, 3.92e-05 max |
#      glyph centre 3.42e-06 mean, 6.1e-06 max.  Total 1 sigma 0.000406 mean, 0.000406 max.
#      (The order term is deliberately conservative: it includes the LINEAR map, which the
#      held-out frame test rejects. Over orders 2-4 alone the spread is only 0.000164.)
#   The glyph term is the worst case over: window radius +/-3 px, frame-mask half-width
#   3.0 and 5.0 px, tick-mask half-width 3.0 and 6.0 px, and masking the joining line out
#   ENTIRELY and fitting the two strokes alone. Worst move in px over those variants:
#      rad-3            0.00 px
#      rad+3            0.00 px
#      framemask 3.0    0.00 px
#      framemask 5.0    0.01 px
#      tickpad 3.0      0.01 px
#      tickpad 6.0      0.18 px
#      line masked out  0.00 px
#
# COUNT CHECK, independent of any detector. Walking the ink along each fitted joining
# segment in 10 px bins, every excess over that segment's own baseline sits at a segment
# endpoint; there is no interior excess on any segment -- no marker is missed and none
# is invented. Straightness of each joining segment (residual about a straight line,
# px rms): 1.17.
#
# THE WHOLE FUNCTION IS ONE NUMBER. f6 is drawn as a single perfectly horizontal line
# with a marker on each vertical frame, so its accuracy is entirely a y-calibration
# question -- which is exactly what the scan's bow attacks. That is why the held-out
# frame test matters more here than on any other figure in the appendix, and why both
# y frame values being printed (0.88 and 1.10) is worth as much as the ticks.
# The two markers agree on y to 7.3e-05, which is 0.1 sigma -- the
# figure's own statement that it is a constant.
#
# MOVEMENT from the 2026-09-10 extraction (old -> new, and the move in units of the
# 1 sigma above):
#    1  x 0.009993 -> 0.009990 (-3.18e-06, -0.3 sigma)   y 0.985076 -> 0.985038 (-3.8e-05, -0.1 sigma)
#    2  x 0.019988 -> 0.020003 (+1.47e-05, +1.2 sigma)   y 0.984982 -> 0.984965 (-1.7e-05, -0.0 sigma)
#
# NOT transcribed. Values carry read error; see validation/out/digitize/a6810/.
x,y,sigma_x,sigma_y
0.009990,0.985038,0.000010,0.000406
0.020003,0.984965,0.000012,0.000406
